name,title,license,formats,num_resources,metadata_modified,url
autobusna-stajalista-zet,Geoportal Autobusna stajališta ZET,Otvorena dozvola (OD),GEOJSON,1,2026-08-01T06:30:07.044763,https://data.zagreb.hr/dataset/autobusna-stajalista-zet
bestplatne-wifi-pristupne-tocke-grada-zagreba,Besplatne WIFI pristupne točke Grada Zagreba,Otvorena dozvola (OD),XLSX,1,2025-03-06T11:53:25.943777,https://data.zagreb.hr/dataset/bestplatne-wifi-pristupne-tocke-grada-zagreba
broj-smjestajnih-objekata-grada-zagreba,Broj smještajnih objekata Grada Zagreba,Otvorena dozvola (OD),CSV|XLS,2,2024-02-06T13:51:43.312935,https://data.zagreb.hr/dataset/broj-smjestajnih-objekata-grada-zagreba
brownfield-povrsine,Brownfield površine,Otvorena dozvola (OD),CSV|FGDB|GEOJSON|KML|SHP,5,2024-02-06T14:03:12.570088,https://data.zagreb.hr/dataset/brownfield-povrsine
centri-za-socijalnu-skrb,Centri za socijalnu skrb,Otvorena dozvola (OD),XLSX,1,2024-02-28T09:08:15.607821,https://data.zagreb.hr/dataset/centri-za-socijalnu-skrb
clanovi-vijeca-gradskih-cetvrti,Članovi Vijeća Gradskih četvrti Grada Zagreba,Otvorena dozvola (OD),CSV|XLSX,2,2025-04-30T12:05:21.222135,https://data.zagreb.hr/dataset/clanovi-vijeca-gradskih-cetvrti
clanovi-vijeca-mjesnih-odbora,Članovi Vijeća mjesnih odbora Grada Zagreba 2021. - 2025.,Otvorena dozvola (OD),CSV|XLSX,2,2025-07-09T08:53:43.981621,https://data.zagreb.hr/dataset/clanovi-vijeca-mjesnih-odbora
dimnjacarske-koncesije,Dimnjačarske koncesije,Otvorena dozvola (OD),CSV|XLSX,2,2024-02-28T09:14:15.645878,https://data.zagreb.hr/dataset/dimnjacarske-koncesije
djecji-vrtici-grada-zagreba,Dječji vrtići Grada Zagreba,Otvorena dozvola (OD),XLSX,2,2025-03-07T09:26:37.126226,https://data.zagreb.hr/dataset/djecji-vrtici-grada-zagreba
dobitnice-nagrade-grada-zagreba,Dobitnice Nagrade Zagrepčanka godine,Otvorena dozvola (OD),CSV|XLSX,2,2026-02-25T11:40:48.452813,https://data.zagreb.hr/dataset/dobitnice-nagrade-grada-zagreba
dobitnici-nagrade-grada-zagreba,Dobitnici Nagrade Grada Zagreba,Otvorena dozvola (OD),CSV|XLSX,2,2026-04-24T08:01:19.216666,https://data.zagreb.hr/dataset/dobitnici-nagrade-grada-zagreba
dobitnici-nagrade-luka-ritz-nasilje-nije-hrabrost,Dobitnici Nagrade Luka Ritz - Nasilje nije hrabrost,Otvorena dozvola (OD),CSV|XLSX,2,2025-10-17T08:19:39.065703,https://data.zagreb.hr/dataset/dobitnici-nagrade-luka-ritz-nasilje-nije-hrabrost
evakuacijske-povrsine,Evakuacijske površine Grada Zagreba,Otvorena dozvola (OD),GEOJSON,1,2025-01-02T11:50:33.367627,https://data.zagreb.hr/dataset/evakuacijske-povrsine
evidencija-telekomunikacijskih-ormarica,Evidencija telekomunikacijskih ormarića Digitalnog grada,Otvorena dozvola (OD),CSV|XLSX,2,2024-02-06T13:50:24.450647,https://data.zagreb.hr/dataset/evidencija-telekomunikacijskih-ormarica
ewdaw,Bolnice Grada Zagreba,Otvorena dozvola (OD),XLSX,1,2025-05-07T13:27:30.822168,https://data.zagreb.hr/dataset/ewdaw
financijski-izvjestaji-za-razdoblje-od-01-sijecnja-do-30-lipnja-2016,Financijski izvještaji za razdoblje od 01. siječnja do 30. lipnja 2016,Otvorena dozvola (OD),CSV|PDF|XLSX,9,2024-02-28T09:23:21.698840,https://data.zagreb.hr/dataset/financijski-izvjestaji-za-razdoblje-od-01-sijecnja-do-30-lipnja-2016
financijski-izvjestaji-za-razdoblje-od-01-sijecnja-do-31-prosinca-2014,Financijski izvještaji za razdoblje od 01. siječnja do 31. prosinca 2014,Otvorena dozvola (OD),CSV|PDF|XLSX,21,2024-02-28T09:23:02.691861,https://data.zagreb.hr/dataset/financijski-izvjestaji-za-razdoblje-od-01-sijecnja-do-31-prosinca-2014
financijski-izvjestaji-za-razdoblje-od-01-sijecnja-do-31-prosinca-2015,Financijski izvještaji za razdoblje od 01. siječnja do 31. prosinca 2015,Otvorena dozvola (OD),CSV|PDF|XLSX,18,2024-02-06T13:50:39.627494,https://data.zagreb.hr/dataset/financijski-izvjestaji-za-razdoblje-od-01-sijecnja-do-31-prosinca-2015
fond-solidarnosti-popis-sklopljenih-ugovora,Fond solidarnosti - popis sklopljenih ugovora,Otvorena dozvola (OD),XLSX,8,2024-09-19T09:10:16.276442,https://data.zagreb.hr/dataset/fond-solidarnosti-popis-sklopljenih-ugovora
galerije,Galerije grada Zagreba,Otvorena dozvola (OD),CSV|XLSX,2,2024-02-28T08:55:12.922838,https://data.zagreb.hr/dataset/galerije
geoportal-autobusna-stajalista-zet,Geoportal autobusna stajališta ZET,Otvorena dozvola (OD),CSV|GDB|GEOJSON|KML|SHP,5,2024-02-28T09:38:25.471050,https://data.zagreb.hr/dataset/geoportal-autobusna-stajalista-zet
geoportal-benzinske-postaje,Geoportal benzinske postaje,Otvorena dozvola (OD),CSV|GDB|GEOJSON|KML|SHP,5,2023-12-19T11:41:41.529699,https://data.zagreb.hr/dataset/geoportal-benzinske-postaje
geoportal-besplatna-wifi-mreza,Geoportal besplatna WiFi mreža,Otvorena dozvola (OD),CSV|GEOJSON|KML|SHP,4,2024-02-28T09:37:53.665375,https://data.zagreb.hr/dataset/geoportal-besplatna-wifi-mreza
geoportal-biciklisticke-staze,Geoportal biciklističke staze,Otvorena dozvola (OD),CSV|FGDB|GEOJSON|KML|SHP,5,2024-02-28T09:31:14.116879,https://data.zagreb.hr/dataset/geoportal-biciklisticke-staze
geoportal-centar-za-socijalnu-skrb,Geoportal Hrvatski zavod za socijalni rad,Otvorena dozvola (OD),CSV|GEOJSON|KML|SHP|XLSX,5,2024-10-29T08:40:53.748471,https://data.zagreb.hr/dataset/geoportal-centar-za-socijalnu-skrb
geoportal-crkve-rimokatolicke-zupe,Geoportal Crkve (Rimokatoličke Župe),Otvorena dozvola (OD),CSV|GDB|GEOJSON|KML|SHP,5,2024-02-28T09:34:41.383768,https://data.zagreb.hr/dataset/geoportal-crkve-rimokatolicke-zupe
geoportal-djecji-vrtici,Geoportal Dječji vrtići,Otvorena dozvola (OD),CSV|GEOJSON|KML|SHP,4,2024-02-28T09:37:08.522030,https://data.zagreb.hr/dataset/geoportal-djecji-vrtici
geoportal-domovi-za-djecu,Geoportal Domovi za djecu,Otvorena dozvola (OD),CSV|GEOJSON|KML|SHP|XLSX,5,2025-05-20T09:30:30.991431,https://data.zagreb.hr/dataset/geoportal-domovi-za-djecu
geoportal-domovi-za-starije-osobe,Geoportal Domovi za starije osobe,Otvorena dozvola (OD),CSV|GEOJSON|KML|SHP|XLSX,5,2024-10-28T13:46:46.513407,https://data.zagreb.hr/dataset/geoportal-domovi-za-starije-osobe
geoportal-domovi-zdravlja,Geoportal Domovi zdravlja,Otvorena dozvola (OD),CSV|GDB|GEOJSON|KML|SHP,5,2024-02-28T09:35:41.638916,https://data.zagreb.hr/dataset/geoportal-domovi-zdravlja
geoportal-druge-javne-ustanove,Geoportal druge javne ustanove,Otvorena dozvola (OD),CSV|GDB|GEOJSON|KML|SHP,5,2024-02-28T09:41:52.004576,https://data.zagreb.hr/dataset/geoportal-druge-javne-ustanove
geoportal-elektricne-punionice,Geoportal električne punionice,Otvorena dozvola (OD),CSV|GDB|GEOJSON|KML|SHP,5,2024-02-06T14:02:45.627319,https://data.zagreb.hr/dataset/geoportal-elektricne-punionice
geoportal-gradevinsko-zemljiste-1959-i-1984,Geoportal Građevinsko zemljište 1959. i 1984.,Otvorena dozvola (OD),CSV|GEOJSON|KML|SHP,4,2024-09-17T09:29:10.125652,https://data.zagreb.hr/dataset/geoportal-gradevinsko-zemljiste-1959-i-1984
geoportal-gradska-trgovacka-drustva,Geoportal gradska trgovačka društva,Otvorena dozvola (OD),CSV|FGDB|GEOJSON|KML|SHP|XLSX,6,2024-03-21T11:35:46.957927,https://data.zagreb.hr/dataset/geoportal-gradska-trgovacka-drustva
geoportal-gradske-trznice,Geoportal gradske tržnice,Otvorena dozvola (OD),CSV|FGDB|GEOJSON|KML|SHP,5,2024-02-28T09:30:16.298621,https://data.zagreb.hr/dataset/geoportal-gradske-trznice
geoportal-gradski-vrt,Geoportal gradski vrt,Otvorena dozvola (OD),CSV|GDB|GEOJSON|KML|SHP,5,2024-02-28T09:36:35.731838,https://data.zagreb.hr/dataset/geoportal-gradski-vrt
geoportal-gradski-vrt-point,Geoportal gradski vrt Point,Otvorena dozvola (OD),CSV|GEOJSON|KML|SHP,4,2024-02-28T09:28:08.411324,https://data.zagreb.hr/dataset/geoportal-gradski-vrt-point
geoportal-granice-dopustenog-drzanja-domacih-zivotinja,Geoportal granice dopuštenog držanja domaćih životinja,Otvorena dozvola (OD),CSV|GDB|GEOJSON|KML|SHP,5,2024-02-28T09:36:18.888397,https://data.zagreb.hr/dataset/geoportal-granice-dopustenog-drzanja-domacih-zivotinja
geoportal-granice-opcine-1981,Geoportal granice općine 1981.,Otvorena dozvola (OD),CSV|FGDB|GEOJSON|KML|SHP,5,2024-02-06T14:06:39.613040,https://data.zagreb.hr/dataset/geoportal-granice-opcine-1981
geoportal-javna-igralista,Geoportal javna sportska igrališta,Otvorena dozvola (OD),CSV|FGDB|GEOJSON|KML|SHP,5,2024-02-06T14:04:15.350922,https://data.zagreb.hr/dataset/geoportal-javna-igralista
geoportal-javna-parkiralista-za-bicikle,Geoportal Javna parkirališta za bicikle,Otvorena dozvola (OD),CSV|GDB|GEOJSON|KML|SHP,5,2024-02-28T09:32:24.916185,https://data.zagreb.hr/dataset/geoportal-javna-parkiralista-za-bicikle
geoportal-javne-garaze,Geoportal Javne garaže,Otvorena dozvola (OD),CSV|GDB|GEOJSON|KML|SHP,5,2024-02-28T09:39:24.694315,https://data.zagreb.hr/dataset/geoportal-javne-garaze
geoportal-javne-povrsine-za-pse,Geoportal Javne površine za pse,Otvorena dozvola (OD),CSV|GEOJSON|KML|SHP,4,2024-02-06T14:06:30.680842,https://data.zagreb.hr/dataset/geoportal-javne-povrsine-za-pse
geoportal-kultura,Geoportal kultura,Otvorena dozvola (OD),CSV|FGDB|GEOJSON|KML|SHP,5,2024-02-06T14:07:56.044368,https://data.zagreb.hr/dataset/geoportal-kultura
geoportal-kulturne-ustanove,Geoportal Kulturne ustanove,Otvorena dozvola (OD),CSV|GDB|GEOJSON|KML|SHP,5,2024-02-28T09:39:10.649287,https://data.zagreb.hr/dataset/geoportal-kulturne-ustanove
geoportal-kvaliteta-zraka,Geoportal Kvaliteta zraka,Otvorena dozvola (OD),CSV|GEOJSON|KML|SHP,4,2024-02-06T14:04:07.122402,https://data.zagreb.hr/dataset/geoportal-kvaliteta-zraka
geoportal-ljekarne,Geoportal Ljekarne,Otvorena dozvola (OD),CSV|GDB|GEOJSON|KML|SHP,5,2024-02-28T09:35:23.983772,https://data.zagreb.hr/dataset/geoportal-ljekarne
geoportal-mjesna-samouprava,Geoportal Mjesna samouprava,Otvorena dozvola (OD),CSV|GDB|GEOJSON|KML|SHP,5,2024-02-28T09:34:59.427639,https://data.zagreb.hr/dataset/geoportal-mjesna-samouprava
geoportal-nacionalne-manjine,Geoportal nacionalne manjine,Otvorena dozvola (OD),CSV|FGDB|GEOJSON|KML|SHP,5,2024-02-06T14:08:05.499650,https://data.zagreb.hr/dataset/geoportal-nacionalne-manjine
geoportal-nadlezna-institucija,Geoportal nadležna institucija,Otvorena dozvola (OD),CSV|FGDB|GEOJSON|KML|SHP,5,2024-02-06T14:03:29.912817,https://data.zagreb.hr/dataset/geoportal-nadlezna-institucija
geoportal-nadzorne-kamere,Geoportal Nadzorne kamere,Otvorena dozvola (OD),CSV|GDB|GEOJSON|KML|SHP,5,2024-02-28T09:27:18.397495,https://data.zagreb.hr/dataset/geoportal-nadzorne-kamere
geoportal-odmorko,Geoportal Odmorko,Otvorena dozvola (OD),CSV|GDB|GEOJSON|KML|SHP,5,2024-02-28T09:26:59.242313,https://data.zagreb.hr/dataset/geoportal-odmorko
geoportal-osnovne-skole,Geoportal Osnovne škole,Otvorena dozvola (OD),CSV|GDB|GEOJSON|KML|SHP,5,2024-02-28T09:38:54.917474,https://data.zagreb.hr/dataset/geoportal-osnovne-skole
geoportal-ostale-djelatnosti-socijalne-skrbi,Geoportal Ostale djelatnosti socijalne skrbi,Otvorena dozvola (OD),CSV|GEOJSON|KML|SHP|XLSX,5,2024-10-29T07:43:03.349313,https://data.zagreb.hr/dataset/geoportal-ostale-djelatnosti-socijalne-skrbi
geoportal-pjesacka-zona,Geoportal pješačka zona,Otvorena dozvola (OD),CSV|FGDB|GEOJSON|KML|SHP,5,2025-03-07T09:19:54.114427,https://data.zagreb.hr/dataset/geoportal-pjesacka-zona
geoportal-planirana-namjena-2023,Geoportal planirana namjena 2023,Otvorena dozvola (OD),CSV|GEOJSON|KML|SHP|XLSX,5,2024-09-13T12:57:54.879590,https://data.zagreb.hr/dataset/geoportal-planirana-namjena-2023
geoportal-podrucni-odsjeci,Geoportal Područni odsjeci,Otvorena dozvola (OD),CSV|GEOJSON|KML|SHP|XLSX,5,2024-09-16T10:21:33.295539,https://data.zagreb.hr/dataset/geoportal-podrucni-odsjeci
geoportal-podrucni-uredi,Geoportal Područni uredi,Otvorena dozvola (OD),CSV|GDB|GEOJSON|KML|SHP,5,2024-02-28T09:30:56.238637,https://data.zagreb.hr/dataset/geoportal-podrucni-uredi
geoportal-policija,Geoportal policija,Otvorena dozvola (OD),CSV|GEOJSON|KML|SHP,4,2024-02-06T14:03:57.908967,https://data.zagreb.hr/dataset/geoportal-policija
geoportal-program-zastite-divljaci,Geoportal program zaštite divljači,Otvorena dozvola (OD),CSV|FGDB|GEOJSON|KML|SHP,5,2024-02-28T09:24:43.414623,https://data.zagreb.hr/dataset/geoportal-program-zastite-divljaci
geoportal-reklamne-zone,Geoportal reklamne zone,Otvorena dozvola (OD),CSV|GEOJSON|KML|SHP|XLSX,5,2024-09-16T10:43:18.389818,https://data.zagreb.hr/dataset/geoportal-reklamne-zone
geoportal-sjedista-gradskih-cetvrti,Geoportal Sjedišta gradskih četvrti,Otvorena dozvola (OD),CSV|GDB|GEOJSON|KML|SHP,5,2024-02-28T09:36:01.847144,https://data.zagreb.hr/dataset/geoportal-sjedista-gradskih-cetvrti
geoportal-smjestajni-objekti,Geoportal Smještajni objekti,Otvorena dozvola (OD),CSV|GEOJSON|KML|SHP|XLSX,5,2024-09-17T12:13:13.136690,https://data.zagreb.hr/dataset/geoportal-smjestajni-objekti
geoportal-sportski-objekti,Geoportal Sportski objekti,Otvorena dozvola (OD),CSV|GDB|GEOJSON|KML|SHP,5,2024-02-06T14:00:55.087141,https://data.zagreb.hr/dataset/geoportal-sportski-objekti
geoportal-srednje-skole,Geoportal Srednje škole,Otvorena dozvola (OD),CSV|GDB|GEOJSON|KML|SHP,5,2024-02-06T13:59:53.535642,https://data.zagreb.hr/dataset/geoportal-srednje-skole
geoportal-studentska-naselja,Geoportal Studentska naselja,Otvorena dozvola (OD),CSV|GDB|GEOJSON|KML|SHP,5,2024-02-06T13:52:32.901441,https://data.zagreb.hr/dataset/geoportal-studentska-naselja
geoportal-studentski-restoran,Geoportal Studentski restoran,Otvorena dozvola (OD),GEOJSON,1,2026-07-30T07:32:01.847147,https://data.zagreb.hr/dataset/geoportal-studentski-restoran
geoportal-studentsko-naselje,Geoportal Studentsko naselje,Otvorena dozvola (OD),GEOJSON,1,2026-07-30T07:24:23.521772,https://data.zagreb.hr/dataset/geoportal-studentsko-naselje
geoportal-sustav-javnih-bicikala,Geoportal Sustav javnih bicikala,Otvorena dozvola (OD),CSV|GDB|GEOJSON|KML|SHP,5,2024-02-28T09:32:04.168739,https://data.zagreb.hr/dataset/geoportal-sustav-javnih-bicikala
geoportal-taxi-stajalista,Geoportal taxi stajališta,Otvorena dozvola (OD),CSV|FGDB|GEOJSON|KML|SHP,5,2024-02-28T09:25:08.591940,https://data.zagreb.hr/dataset/geoportal-taxi-stajalista
geoportal-tijela-drzavne-uprave,Geoportal Tijela državne uprave,Otvorena dozvola (OD),CSV|GDB|GEOJSON|KML|SHP,5,2024-02-06T13:46:23.279654,https://data.zagreb.hr/dataset/geoportal-tijela-drzavne-uprave
geoportal-tramvajska-stajalista-zet,Geoportal Tramvajska stajališta ZET,Otvorena dozvola (OD),CSV|GDB|GEOJSON|KML|SHP,5,2024-02-06T14:00:45.565695,https://data.zagreb.hr/dataset/geoportal-tramvajska-stajalista-zet
geoportal-ucenicki-domovi,Geoportal Učenički domovi,Otvorena dozvola (OD),CSV|GDB|GEOJSON|KML|SHP,5,2024-02-06T14:00:35.318759,https://data.zagreb.hr/dataset/geoportal-ucenicki-domovi
geoportal-urbanisticka-dokumentacija-1985,Geoportal urbanistička dokumentacija 1985.,Otvorena dozvola (OD),CSV|GEOJSON|KML|SHP,4,2024-02-06T13:58:16.417043,https://data.zagreb.hr/dataset/geoportal-urbanisticka-dokumentacija-1985
geoportal-urbanisticka-dokumentacija-1995,Geoportal urbanistička dokumentacija 1995.,Otvorena dozvola (OD),CSV|FGDB|GEOJSON|KML|SHP,5,2024-02-28T09:25:40.002315,https://data.zagreb.hr/dataset/geoportal-urbanisticka-dokumentacija-1995
geoportal-urbanisticki-planovi-uredenja,Geoportal Urbanistički planovi uređenja,Otvorena dozvola (OD),CSV|GDB|GEOJSON|KML|SHP,5,2024-02-06T14:00:26.003058,https://data.zagreb.hr/dataset/geoportal-urbanisticki-planovi-uredenja
geoportal-ustanove-za-beskucnike,Geoportal Ustanove za beskućnike,Otvorena dozvola (OD),CSV|GEOJSON|KML|SHP|XLSX,5,2024-10-29T07:15:42.592939,https://data.zagreb.hr/dataset/geoportal-ustanove-za-beskucnike
geoportal-ustanove-za-branitelje,Geoportal Ustanove za branitelje,Otvorena dozvola (OD),CSV|GEOJSON|KML|SHP|XLSX,5,2024-10-29T07:26:51.186420,https://data.zagreb.hr/dataset/geoportal-ustanove-za-branitelje
geoportal-ustanove-za-osobe-s-invaliditetom,Geoportal Ustanove za osobe s invaliditetom,Otvorena dozvola (OD),CSV|GEOJSON|KML|SHP|XLSX,5,2025-02-12T15:12:29.730722,https://data.zagreb.hr/dataset/geoportal-ustanove-za-osobe-s-invaliditetom
geoportal-vatrogasci,Geoportal vatrogasci,Otvorena dozvola (OD),CSV|GDB|GEOJSON|KML|SHP,5,2024-02-06T13:46:09.213817,https://data.zagreb.hr/dataset/geoportal-vatrogasci
geoportal-visokoskolske-ustanove,Geoportal Visokoškolske ustanove,Otvorena dozvola (OD),CSV|GDB|GEOJSON|KML|SHP,5,2024-02-06T14:01:41.067975,https://data.zagreb.hr/dataset/geoportal-visokoskolske-ustanove
geoportal-vjerske-zajednice,Geoportal Vjerske zajednice,Otvorena dozvola (OD),CSV|GDB|GEOJSON|KML|SHP,5,2024-02-06T14:02:54.504074,https://data.zagreb.hr/dataset/geoportal-vjerske-zajednice
geoportal-zajednicka-lovista,Geoportal zajednička lovišta,Otvorena dozvola (OD),CSV|GEOJSON|KML|SHP,4,2024-02-28T09:25:59.544855,https://data.zagreb.hr/dataset/geoportal-zajednicka-lovista
geoportal-zdravstvene-ustanove,Geoportal Zdravstvene ustanove,Otvorena dozvola (OD),CSV|GDB|GEOJSON|KML|SHP,5,2024-02-28T09:38:39.802520,https://data.zagreb.hr/dataset/geoportal-zdravstvene-ustanove
geoportal-zeljeznicka-stajalista-hz,Geoportal željeznička stajališta HŽ,Otvorena dozvola (OD),CSV|FGDB|GEOJSON|KML|SHP,5,2024-02-06T13:58:07.561354,https://data.zagreb.hr/dataset/geoportal-zeljeznicka-stajalista-hz
geoportal-zone-rezerviranih-parkiralisnih-mjesta,Geoportal zone rezerviranih parkirališnih mjesta,Otvorena dozvola (OD),CSV|FGDB|GEOJSON|KML|SHP,5,2024-02-28T09:40:07.609775,https://data.zagreb.hr/dataset/geoportal-zone-rezerviranih-parkiralisnih-mjesta
geoportal_javni_zdenci,Geoportal Javni zdenci,Otvorena dozvola (OD),GEOJSON,1,2026-09-05T11:05:10.706110,https://data.zagreb.hr/dataset/geoportal_javni_zdenci
geoportal_podzemni_spremnik,Geoportal Podzemni spremnik,Otvorena dozvola (OD),GEOJSON,1,2026-08-26T12:14:02.786483,https://data.zagreb.hr/dataset/geoportal_podzemni_spremnik
gerontoloski-centri-grada-zagreba,Gerontološki centri Grada Zagreba,Otvorena dozvola (OD),CSV|XLSX,2,2024-02-28T09:15:26.062806,https://data.zagreb.hr/dataset/gerontoloski-centri-grada-zagreba
godisnji-izvjestaj-o-izvrsenju-proracuna-grada-zagreba-za-2016,Godišnji izvještaj o izvršenju proračuna Grada Zagreba za 2016.,Otvorena dozvola (OD),CSV|PDF|XLS,9,2024-02-06T14:05:29.968537,https://data.zagreb.hr/dataset/godisnji-izvjestaj-o-izvrsenju-proracuna-grada-zagreba-za-2016
godisnji-izvjestaj-o-izvrsenju-proracuna-grada-zagreba-za-2017,Godišnji izvještaj o izvršenju proračuna Grada Zagreba za 2017.,Otvorena dozvola (OD),CSV|PDF|XLS,9,2024-02-06T14:05:40.403260,https://data.zagreb.hr/dataset/godisnji-izvjestaj-o-izvrsenju-proracuna-grada-zagreba-za-2017
grad-zagreb-prostorna-jedinica,Grad Zagreb - prostorna jedinica područne (regionalne) samouprave,Otvorena dozvola (OD),SHP,1,2025-02-03T13:27:37.690835,https://data.zagreb.hr/dataset/grad-zagreb-prostorna-jedinica
gradska-skupstina-grada-zagreba,Gradska skupština Grada Zagreba,Otvorena dozvola (OD),CSV|XLSX,8,2026-07-10T11:29:27.900436,https://data.zagreb.hr/dataset/gradska-skupstina-grada-zagreba
gradske-cetvrti-prostorna-jedinica-mjesne-samouprave-za-podrucje-grada-zagreba,Gradske četvrti - prostorna jedinica mjesne samouprave za područje Grada Zagreba,Otvorena dozvola (OD),SHP,1,2025-02-03T13:40:26.282387,https://data.zagreb.hr/dataset/gradske-cetvrti-prostorna-jedinica-mjesne-samouprave-za-podrucje-grada-zagreba
gradski_vrtici_grada_zagreba,Gradski vrtići Grada Zagreba - kontakt podaci,Otvorena dozvola (OD),CSV|JSON|XML,3,2026-09-02T14:50:18.474347,https://data.zagreb.hr/dataset/gradski_vrtici_grada_zagreba
grafiti-na-javnim-povrsinama,Grafiti na javnim i privatnim površinama,Otvorena dozvola (OD),CSV,1,2024-02-06T13:53:22.116904,https://data.zagreb.hr/dataset/grafiti-na-javnim-povrsinama
hitne-intervencije-na-podrucju-grada-zagreba,Hitne intervencije na području Grada Zagreba,Otvorena dozvola (OD),CSV|XLSX,6,2024-02-28T09:14:01.084927,https://data.zagreb.hr/dataset/hitne-intervencije-na-podrucju-grada-zagreba
holding-podruznice,Holding podružnice,Otvorena dozvola (OD),XLSX,1,2025-03-07T09:42:55.547447,https://data.zagreb.hr/dataset/holding-podruznice
imovinsko-pravni-ugovori-2022,Imovinsko-pravni ugovori,Otvorena dozvola (OD),CSV|XLSX,5,2025-12-30T12:45:04.570742,https://data.zagreb.hr/dataset/imovinsko-pravni-ugovori-2022
izdvojene-ordinacije-za-pregled-bolesnika-pod-sumnjom-na-zarazenost-koronavirusom,Izdvojene ordinacije za pregled bolesnika pod sumnjom na zaraženost koronavirusom,Otvorena dozvola (OD),XLSX,1,2025-03-07T09:40:31.975641,https://data.zagreb.hr/dataset/izdvojene-ordinacije-za-pregled-bolesnika-pod-sumnjom-na-zarazenost-koronavirusom
izgradene-ceste-u-gradu-zagrebu,Izgrađene prometnice u Gradu Zagrebu,Otvorena dozvola (OD),CSV|XLSX,2,2025-04-29T08:33:47.522913,https://data.zagreb.hr/dataset/izgradene-ceste-u-gradu-zagrebu
javni-urbanisticko-arhitektonski-natjecaji,Javni urbanističko - arhitektonski natječaji,Otvorena dozvola (OD),CSV|FGDB|GEOJSON|KML|SHP,5,2024-02-06T14:03:21.486677,https://data.zagreb.hr/dataset/javni-urbanisticko-arhitektonski-natjecaji
javni-wc-i,Javni WC-i,Otvorena dozvola (OD),CSV|GEOJSON|KML|SHP|XLSX,5,2024-09-16T11:03:34.020760,https://data.zagreb.hr/dataset/javni-wc-i
kapitalna-ulaganja-2023,Kapitalna ulaganja 2023,Otvorena dozvola (OD),CSV|FGDB|GEOJSON|KML|SHP,5,2024-02-28T09:23:55.054217,https://data.zagreb.hr/dataset/kapitalna-ulaganja-2023
kapitalna-ulaganja-2024,Kapitalna ulaganja 2024.,Otvorena dozvola (OD),CSV|GEOJSON|KML|SHP,4,2024-09-17T09:45:58.065247,https://data.zagreb.hr/dataset/kapitalna-ulaganja-2024
karta-sigurnih-zona-u-slucaju-potresa,Karta sigurnih zona u slučaju potresa,Otvorena dozvola (OD),XLSX,1,2024-02-28T09:08:33.040291,https://data.zagreb.hr/dataset/karta-sigurnih-zona-u-slucaju-potresa
katastarska-opcina-katastarska-prostorna-jedinica-za-podrucje-grada-zagreba,Katastarska općina - katastarska prostorna jedinica za područje Grada Zagreba,,CSV,1,2025-02-04T09:54:12.847255,https://data.zagreb.hr/dataset/katastarska-opcina-katastarska-prostorna-jedinica-za-podrucje-grada-zagreba
knjiznice-grada-zagreba1,Knjižnice Grada Zagreba,Otvorena dozvola (OD),XLSX,1,2025-03-07T09:53:49.861423,https://data.zagreb.hr/dataset/knjiznice-grada-zagreba1
komunalne_aktivnosti,Plan komunalnih aktivnosti,Otvorena dozvola (OD),CSV|JSON|XML,3,2026-09-05T18:39:01.324189,https://data.zagreb.hr/dataset/komunalne_aktivnosti
lista-sluzbenih-vozila-gradske-uprave,Registar službenih vozila gradske uprave,Otvorena dozvola (OD),CSV|XLSX,9,2026-01-09T10:07:02.759777,https://data.zagreb.hr/dataset/lista-sluzbenih-vozila-gradske-uprave
ljekarne-grada-zagreba,Ljekarne Grada Zagreba,Otvorena dozvola (OD),XLSX,1,2025-03-07T09:24:42.974344,https://data.zagreb.hr/dataset/ljekarne-grada-zagreba
lokacije-zelenih-otoka,Lokacije zelenih otoka,Otvorena dozvola (OD),CSV|XLSX,2,2024-02-28T09:14:49.616024,https://data.zagreb.hr/dataset/lokacije-zelenih-otoka
mjesni-odbori,Mjesni odbori,Otvorena dozvola (OD),CSV|XLSX,2,2024-02-06T13:57:37.335077,https://data.zagreb.hr/dataset/mjesni-odbori
mjesni-odbori-prostorna-jedinica-mjesne-samouprave-za-podrucje-grada-zagreba,Mjesni odbori - prostorna jedinica mjesne samouprave za područje Grada Zagreba,Otvorena dozvola (OD),SHP,1,2025-02-03T13:47:37.570158,https://data.zagreb.hr/dataset/mjesni-odbori-prostorna-jedinica-mjesne-samouprave-za-podrucje-grada-zagreba
muzeji-grada-zagreba-svi,Muzeji Grada Zagreba,Otvorena dozvola (OD),XLSX,1,2025-03-06T11:49:57.833425,https://data.zagreb.hr/dataset/muzeji-grada-zagreba-svi
nadlezne-institucije-socijalne-zastite,Geoportal Nadležne institucije socijalne zaštite,Otvorena dozvola (OD),CSV|GEOJSON|KML|SHP|XLSX,5,2024-10-29T08:09:35.363893,https://data.zagreb.hr/dataset/nadlezne-institucije-socijalne-zastite
naselja-adresna-prostorna-jedinice-za-podrucje-grada-zagreba,Naselja - adresna prostorna jedinice za područje Grada Zagreba,Otvorena dozvola (OD),SHP,1,2025-02-03T13:52:17.067607,https://data.zagreb.hr/dataset/naselja-adresna-prostorna-jedinice-za-podrucje-grada-zagreba
o-d-matrica-putovanja,O/D matrica putovanja,Otvorena dozvola (OD),CSV,1,2024-02-06T13:59:39.951311,https://data.zagreb.hr/dataset/o-d-matrica-putovanja
odgojno-obrazovni-objekti-grada-zagreba,Odgojno - obrazovni objekti Grada Zagreba,Otvorena dozvola (OD),CSV|XLSX,2,2024-09-20T07:43:54.115732,https://data.zagreb.hr/dataset/odgojno-obrazovni-objekti-grada-zagreba
osnovne-skole-grad-zagreb,Osnovne škole Grad Zagreb,Otvorena dozvola (OD),XLSX,1,2024-02-06T14:07:22.540903,https://data.zagreb.hr/dataset/osnovne-skole-grad-zagreb
plan-komunalnih-akcija-grada-zagreba,Plan komunalnih akcija Grada Zagreba,Otvorena dozvola (OD),CSV|XLSX,2,2024-02-06T13:55:08.872951,https://data.zagreb.hr/dataset/plan-komunalnih-akcija-grada-zagreba
planirana-namjena-1971,Planirana namjena 1971,Otvorena dozvola (OD),CSV|FGDB|GEOJSON|KML|SHP,5,2024-02-06T14:07:04.393649,https://data.zagreb.hr/dataset/planirana-namjena-1971
planirana-namjena-1986,Planirana namjena 1986,Otvorena dozvola (OD),CSV|FGDB|GEOJSON|KML|SHP,5,2024-02-06T13:57:27.871609,https://data.zagreb.hr/dataset/planirana-namjena-1986
plavi-ceker,Projekt Plavi ceker,Otvorena dozvola (OD),CSV|XLSX,20,2026-04-02T10:18:29.875506,https://data.zagreb.hr/dataset/plavi-ceker
pocasni-gradani-grada-zagreba,Počasni građani Grada Zagreba,Otvorena dozvola (OD),CSV|XLSX,2,2024-12-23T13:15:46.814351,https://data.zagreb.hr/dataset/pocasni-gradani-grada-zagreba
podaci-o-kvaliteti-zraka-u-gradu-zagrebu-dordiceva-2023,Podaci o kvaliteti zraka u Gradu Zagrebu - MP Đorđićeva ulica 2023,Otvorena dozvola (OD),XLSX,8,2024-02-28T09:39:54.337382,https://data.zagreb.hr/dataset/podaci-o-kvaliteti-zraka-u-gradu-zagrebu-dordiceva-2023
podaci-o-kvaliteti-zraka-u-gradu-zagrebu-ksaver-2023,Podaci o kvaliteti zraka u Gradu Zagrebu - MP Ksaverska cesta 2023,Otvorena dozvola (OD),XLSX,8,2024-02-28T09:39:38.868356,https://data.zagreb.hr/dataset/podaci-o-kvaliteti-zraka-u-gradu-zagrebu-ksaver-2023
podaci-o-kvaliteti-zraka-u-gradu-zagrebu-pescenica-2023,Podaci o kvaliteti zraka u Gradu Zagrebu - MP Peščenica 2023,Otvorena dozvola (OD),XLSX,8,2024-02-06T14:04:45.013200,https://data.zagreb.hr/dataset/podaci-o-kvaliteti-zraka-u-gradu-zagrebu-pescenica-2023
podaci-o-kvaliteti-zraka-u-gradu-zagrebu-prilaz-baruna-filipovica-2023,Podaci o kvaliteti zraka u Gradu Zagrebu - MP Prilaz baruna Filipovića 2023,Otvorena dozvola (OD),XLSX,8,2024-02-06T13:56:34.790793,https://data.zagreb.hr/dataset/podaci-o-kvaliteti-zraka-u-gradu-zagrebu-prilaz-baruna-filipovica-2023
podaci-o-kvaliteti-zraka-u-gradu-zagrebu-siget-2023,Podaci o kvaliteti zraka u Gradu Zagrebu - MP Siget 2023,Otvorena dozvola (OD),XLSX,8,2024-02-06T14:04:54.162968,https://data.zagreb.hr/dataset/podaci-o-kvaliteti-zraka-u-gradu-zagrebu-siget-2023
podaci-o-kvaliteti-zraka-u-gradu-zagrebu-susedgrad-2023,Podaci o kvaliteti zraka u Gradu Zagrebu - MP Susedgrad 2023,Otvorena dozvola (OD),XLSX,8,2024-02-06T14:04:32.252209,https://data.zagreb.hr/dataset/podaci-o-kvaliteti-zraka-u-gradu-zagrebu-susedgrad-2023
podaci-o-potrosnji-i-trosku-za-objekte-grada-zagreba,Podaci o potrošnji i trošku za objekte Grada Zagreba,Otvorena dozvola (OD),CSV|XLSX,4,2025-02-17T11:23:15.947546,https://data.zagreb.hr/dataset/podaci-o-potrosnji-i-trosku-za-objekte-grada-zagreba
podrucni_odsjeci,Geoportal Područni odsjeci,Otvorena dozvola (OD),GEOJSON,1,2026-08-27T06:35:59.968775,https://data.zagreb.hr/dataset/podrucni_odsjeci
pojilice-sa-pitkom-vodom,Pojilice sa pitkom vodom,Otvorena dozvola (OD),CSV|GEOJSON|SHP|XLSX,4,2024-09-16T12:49:09.080239,https://data.zagreb.hr/dataset/pojilice-sa-pitkom-vodom
policijske-postaje1,Policijske postaje,Otvorena dozvola (OD),XLSX,1,2025-03-07T09:39:39.188895,https://data.zagreb.hr/dataset/policijske-postaje1
polupodzemni_spremnik,Geoportal Polupodzemni spremnik,Otvorena dozvola (OD),GEOJSON,1,2026-08-26T13:09:15.385129,https://data.zagreb.hr/dataset/polupodzemni_spremnik
popis-autoprijevoznika-u-gradu-zagrebu,Popis autoprijevoznika u Gradu Zagrebu,Otvorena dozvola (OD),CSV|XLS,2,2024-02-28T09:12:27.914140,https://data.zagreb.hr/dataset/popis-autoprijevoznika-u-gradu-zagrebu
popis-skupova-podataka-grada-zagreba-asset-lista,Popis skupova podataka Grada Zagreba (Asset lista),Otvorena dozvola (OD),CSV|XLSX,4,2025-02-06T11:08:28.247186,https://data.zagreb.hr/dataset/popis-skupova-podataka-grada-zagreba-asset-lista
potpore-inovatorima-grada-zagreba,Potpore inovatorima Grada Zagreba,Otvorena dozvola (OD),CSV|XLSX,4,2024-02-28T09:12:50.499067,https://data.zagreb.hr/dataset/potpore-inovatorima-grada-zagreba
potpore-za-poticanje-razvoja-turizma-u-gradu-zagrebu,Potpore za poticanje razvoja turizma u Gradu Zagrebu,Otvorena dozvola (OD),CSV|XLSX,2,2024-02-28T09:22:38.078446,https://data.zagreb.hr/dataset/potpore-za-poticanje-razvoja-turizma-u-gradu-zagrebu
povijesne-granice-grada-zagreba,Povijesne granice grada Zagreba,Otvorena dozvola (OD),CSV|FGDB|GEOJSON|KML|SHP,5,2024-02-28T09:24:18.768009,https://data.zagreb.hr/dataset/povijesne-granice-grada-zagreba
prazni-poslovni-prostori,Prazni poslovni prostori,Otvorena dozvola (OD),CSV|XLSX,23,2025-12-30T13:02:34.433371,https://data.zagreb.hr/dataset/prazni-poslovni-prostori
predsjednici-gradskih-cetvrti-grada-zagreba,Predsjednici Gradskih četvrti Grada Zagreba 2021. - 2025.,Otvorena dozvola (OD),CSV|XLSX,2,2025-07-09T08:52:17.715040,https://data.zagreb.hr/dataset/predsjednici-gradskih-cetvrti-grada-zagreba
predsjednici-mjesnih-odbora-grada-zagreba,Predsjednici mjesnih odbora Grada Zagreba,Otvorena dozvola (OD),CSV|XLSX,2,2025-04-30T12:09:48.543109,https://data.zagreb.hr/dataset/predsjednici-mjesnih-odbora-grada-zagreba
predsjednici_gradskih_cetvrti_grada_zagreba_2025,Predsjednici Gradskih četvrti Grada Zagreba 2025. -,Otvorena dozvola (OD),CSV|JSON|XML,3,2025-07-09T08:54:41.492141,https://data.zagreb.hr/dataset/predsjednici_gradskih_cetvrti_grada_zagreba_2025
privatni-vjerski-obrti-gz-kontakt-podaci,Privatni i vjerski vrtići te obrti za čuvanje djece Grada Zagreba - kontakt podaci,Otvorena dozvola (OD),CSV|JSON|XML,3,2026-09-02T15:10:05.458695,https://data.zagreb.hr/dataset/privatni-vjerski-obrti-gz-kontakt-podaci
projekti-europske-unije,Projekti Europske Unije u provedbi,Otvorena dozvola (OD),CSV|XLSX,2,2024-03-12T13:13:04.369816,https://data.zagreb.hr/dataset/projekti-europske-unije
prometnice,Zatvaranje prometnica na području Grada Zagreba,Otvorena dozvola (OD),CSV|JSON|XML,3,2026-09-06T09:58:18.609325,https://data.zagreb.hr/dataset/prometnice
proracun,Proračun Grada Zagreba 2022. - 2025.,Otvorena dozvola (OD),CSV|XLSX,24,2026-01-21T11:48:01.684023,https://data.zagreb.hr/dataset/proracun
proracun-grada-zagreba-2026,Proračun Grada Zagreba 2026.,Otvorena dozvola (OD),CSV|XLSX,12,2026-01-21T12:19:36.867269,https://data.zagreb.hr/dataset/proracun-grada-zagreba-2026
prostori-mjesne-samouprave-grada-zagreba,Prostori mjesne samouprave Grada Zagreba,Otvorena dozvola (OD),CSV|JSON|XML,3,2026-09-05T20:18:31.130994,https://data.zagreb.hr/dataset/prostori-mjesne-samouprave-grada-zagreba
provedeni-eu-projekti-u-razdoblju-od-2007-do-2021,Provedeni EU projekti (2007. - 2023.),Otvorena dozvola (OD),CSV|XLSX,2,2024-03-08T11:34:24.577645,https://data.zagreb.hr/dataset/provedeni-eu-projekti-u-razdoblju-od-2007-do-2021
pucke-kuhinje-dodatne-tocke-podjele-obroka,Pučke kuhinje - dodatne točke podjele obroka,Otvorena dozvola (OD),XLSX,1,2025-03-07T09:41:08.267440,https://data.zagreb.hr/dataset/pucke-kuhinje-dodatne-tocke-podjele-obroka
raskrizja-sa-zvucnim-signalizatorima,Raskrižja sa zvučnim signalizatorima,Otvorena dozvola (OD),CSV|XLSX|XSLX,4,2024-03-08T11:04:56.069775,https://data.zagreb.hr/dataset/raskrizja-sa-zvucnim-signalizatorima
raspodjela-sredstava-ms-2023,Raspodjela sredstava mjesne samouprave,Otvorena dozvola (OD),CSV|XLSX,4,2024-03-12T09:49:43.630267,https://data.zagreb.hr/dataset/raspodjela-sredstava-ms-2023
reciklazna-dvorista-grada-zagreba1,Geoportal Reciklažna dvorišta grada Zagreba,Otvorena dozvola (OD),CSV|GDB|GEOJSON|KML|SHP,5,2024-02-28T09:26:32.140811,https://data.zagreb.hr/dataset/reciklazna-dvorista-grada-zagreba1
registar-naziva-ulica-adresna-prostorna-jedinica-za-podrucje-grada-zagreba,Registar naziva ulica - adresna prostorna jedinica za područje Grada Zagreba,Otvorena dozvola (OD),CSV|XLSX,2,2025-02-18T11:24:32.237155,https://data.zagreb.hr/dataset/registar-naziva-ulica-adresna-prostorna-jedinica-za-podrucje-grada-zagreba
registar-slobodnih-upisnih-mjesta-u-gradskim-privatnim-i-vjerskim-djecjim-vrticima,Registar slobodnih upisnih mjesta u dječjim vrtićima,Otvorena dozvola (OD),CSV|XLSX,4,2024-09-23T11:29:31.024557,https://data.zagreb.hr/dataset/registar-slobodnih-upisnih-mjesta-u-gradskim-privatnim-i-vjerskim-djecjim-vrticima
registar-sportskih-djelatnosti,Registar sportskih djelatnosti,Otvorena dozvola (OD),CSV|XLSX,2,2024-02-06T14:06:12.906630,https://data.zagreb.hr/dataset/registar-sportskih-djelatnosti
registar-ugovora-o-zakupu-koristenju-poslovnih-prostora,Registar ugovora o zakupu / korištenju poslovnih prostora,Otvorena dozvola (OD),CSV|XLSX,5,2025-12-30T12:37:55.424692,https://data.zagreb.hr/dataset/registar-ugovora-o-zakupu-koristenju-poslovnih-prostora
rezultati-javnih-poziva-za-predlaganje-programa-u-kulturi,Rezultati Javnih poziva za predlaganje programa u kulturi,Otvorena dozvola (OD),CSV|XLSX,6,2024-03-19T13:48:24.383474,https://data.zagreb.hr/dataset/rezultati-javnih-poziva-za-predlaganje-programa-u-kulturi
slobodna-mjesta-u-vrticima-i-obrtima-za-cuvanje-djece-grada-zagreba,Slobodna mjesta u vrtićima i obrtima za čuvanje djece Grada Zagreba,Otvorena dozvola (OD),CSV|XLSX,4,2025-01-02T11:43:38.194861,https://data.zagreb.hr/dataset/slobodna-mjesta-u-vrticima-i-obrtima-za-cuvanje-djece-grada-zagreba
srednje-skole-grad-zagreb,Srednje Škole Grad Zagreb,Otvorena dozvola (OD),XLSX,1,2024-02-06T13:56:56.532739,https://data.zagreb.hr/dataset/srednje-skole-grad-zagreb
sredstva-mjesne-samouprave-2001-2023,Sredstva mjesne samouprave 2001-2024.,Otvorena dozvola (OD),CSV|XLSX,2,2024-03-12T09:22:30.353974,https://data.zagreb.hr/dataset/sredstva-mjesne-samouprave-2001-2023
struktura-obrta-grada-zagreba,Struktura obrta Grada Zagreba,Otvorena dozvola (OD),CSV|XLSX,2,2024-02-28T09:13:17.356851,https://data.zagreb.hr/dataset/struktura-obrta-grada-zagreba
stvarno-koristenje-povrsina-2020,Stvarno korištenje površina 2020.,Otvorena dozvola (OD),CSV|XLSX,2,2024-09-17T11:14:54.670633,https://data.zagreb.hr/dataset/stvarno-koristenje-povrsina-2020
telekomunikacijski-razvodni-ormarici,Telekomunikacijski razvodni ormarići,Otvorena dozvola (OD),CSV|GEOJSON|KML|SHP,4,2024-02-06T14:07:46.912864,https://data.zagreb.hr/dataset/telekomunikacijski-razvodni-ormarici
topografska-osnova-2018-objekti,Topografska osnova 2018. Objekti,Otvorena dozvola (OD),CSV|GEOJSON|KML|SHP|XLSX,5,2024-09-16T08:29:14.505477,https://data.zagreb.hr/dataset/topografska-osnova-2018-objekti
topografska-osnova-2018-promet,Topografska osnova 2018. Promet,Otvorena dozvola (OD),CSV|GEOJSON|KML|SHP|XLSX,5,2024-09-16T07:30:34.941273,https://data.zagreb.hr/dataset/topografska-osnova-2018-promet
topografska-osnova-2018-vegetacija-i-vrste-zemljista,Topografska osnova 2018. Vegetacija i vrste zemljišta,Otvorena dozvola (OD),CSV|GEOJSON|KML|SHP|XLSX,5,2024-09-16T09:47:48.406681,https://data.zagreb.hr/dataset/topografska-osnova-2018-vegetacija-i-vrste-zemljista
topografska-osnova-2018-vode,Topografska osnova 2018. Vode,Otvorena dozvola (OD),CSV|GEOJSON|KML|SHP|XLSX,5,2024-09-16T07:49:57.733261,https://data.zagreb.hr/dataset/topografska-osnova-2018-vode
ugostiteljski-objekti-nekategorizirani-turisticke-agencije-i-vodici,"Ugostiteljski objekti, nekategorizirani, turističke agencije i vodiči",Otvorena dozvola (OD),CSV|XLSX,2,2024-02-28T09:13:42.785696,https://data.zagreb.hr/dataset/ugostiteljski-objekti-nekategorizirani-turisticke-agencije-i-vodici
ugovori-o-najmu-stanova-2022,Ugovori o najmu stanova,Otvorena dozvola (OD),CSV|XLSX,5,2025-12-30T12:24:16.374187,https://data.zagreb.hr/dataset/ugovori-o-najmu-stanova-2022
ugovori-o-zakupu-zemljista-2022,Ugovori o zakupu zemljišta,Otvorena dozvola (OD),CSV|XLSX,5,2025-12-30T12:27:39.135995,https://data.zagreb.hr/dataset/ugovori-o-zakupu-zemljista-2022
ukupan-promet-nekretnina,Izvješće o tržištu nekretnina Grada Zagreba,Otvorena dozvola (OD),CSV|XLSX,7,2025-12-30T13:06:53.660761,https://data.zagreb.hr/dataset/ukupan-promet-nekretnina
vatrogasne-postaje-dvd,Vatrogasne postaje/DVD,Otvorena dozvola (OD),XLSX,1,2024-04-15T12:54:55.118851,https://data.zagreb.hr/dataset/vatrogasne-postaje-dvd
vgc-i-mo-gz,Vijeća gradskih četvrti i Mjesni odbori grada Zagreba,Otvorena dozvola (OD),XLSX,1,2025-03-07T09:13:06.455412,https://data.zagreb.hr/dataset/vgc-i-mo-gz
zagrebacka-nadbiskupija-teritorijalna-struktura,Zagrebačka nadbiskupija - teritorijalna struktura,Otvorena dozvola (OD),CSV|XLSX,2,2024-02-28T09:15:45.640602,https://data.zagreb.hr/dataset/zagrebacka-nadbiskupija-teritorijalna-struktura
zastupljenost-zena-u-javnim-tijelima-grada-zagreba,Zastupljenost žena u javnim tijelima Grada Zagreba,Otvorena dozvola (OD),CSV|XLSX,6,2025-03-12T08:15:31.292215,https://data.zagreb.hr/dataset/zastupljenost-zena-u-javnim-tijelima-grada-zagreba
zborna-mjesta-civilne-zastite-grada-zagreba,Zborna mjesta civilne zaštite Grada Zagreba,Otvorena dozvola (OD),GEOJSON,1,2025-01-02T12:41:57.312510,https://data.zagreb.hr/dataset/zborna-mjesta-civilne-zastite-grada-zagreba
zeljeznicka-stajalista-hz,Geoportal Željeznička stajališta HŽ,Otvorena dozvola (OD),GEOJSON,1,2026-08-01T06:23:08.498523,https://data.zagreb.hr/dataset/zeljeznicka-stajalista-hz
zg3d-2022-3d-model-gz,ZG3D 2022 3D model Grada Zagreba,Otvorena dozvola (OD),CSV|FGDB|GEOJSON|XLSX,4,2025-05-07T13:57:11.550959,https://data.zagreb.hr/dataset/zg3d-2022-3d-model-gz
zg3d-gradska-cetvrt-brezovica-2022,ZG3D Gradska četvrt Brezovica 2022,Otvorena dozvola (OD),CSV|FGDB|GEOJSON|SHP|XLSX,5,2025-05-07T12:41:36.586578,https://data.zagreb.hr/dataset/zg3d-gradska-cetvrt-brezovica-2022
zg3d-gradska-cetvrt-crnomerec-2022,ZG3D Gradska četvrt Črnomerec 2022,Otvorena dozvola (OD),CSV|FGDB|GEOJSON|SHP|XLSX,5,2025-05-07T12:43:14.425434,https://data.zagreb.hr/dataset/zg3d-gradska-cetvrt-crnomerec-2022
zg3d-gradska-cetvrt-donja-dubrava-2022,ZG3D Gradska četvrt Donja Dubrava 2022,Otvorena dozvola (OD),CSV|FGDB|GEOJSON|SHP|XLSX,5,2025-05-07T12:43:57.118031,https://data.zagreb.hr/dataset/zg3d-gradska-cetvrt-donja-dubrava-2022
zg3d-gradska-cetvrt-donji-grad-2022,ZG3D Gradska četvrt Donji Grad 2022,Otvorena dozvola (OD),CSV|FGDB|GEOJSON|SHP|XLSX,5,2025-05-07T12:45:43.343293,https://data.zagreb.hr/dataset/zg3d-gradska-cetvrt-donji-grad-2022
zg3d-gradska-cetvrt-gornja-dubrava-2022,ZG3D Gradska četvrt Gornja Dubrava 2022,Otvorena dozvola (OD),CSV|FGDB|GEOJSON|SHP|XLSX,5,2025-05-07T13:53:35.645654,https://data.zagreb.hr/dataset/zg3d-gradska-cetvrt-gornja-dubrava-2022
zg3d-gradska-cetvrt-gornji-grad-2022,ZG3D Gradska četvrt Gornji Grad 2022,Otvorena dozvola (OD),CSV|FGDB|GEOJSON|SHP|XLSX,5,2025-05-07T12:22:35.531208,https://data.zagreb.hr/dataset/zg3d-gradska-cetvrt-gornji-grad-2022
zg3d-gradska-cetvrt-maksimir-2022,ZG3D Gradska četvrt Maksimir 2022,Otvorena dozvola (OD),CSV|FGDB|GEOJSON|SHP|XLSX,5,2025-05-07T12:52:28.779093,https://data.zagreb.hr/dataset/zg3d-gradska-cetvrt-maksimir-2022
zg3d-gradska-cetvrt-novi-zagreb-istok-2022,ZG3D Gradska četvrt Novi Zagreb istok 2022,Otvorena dozvola (OD),CSV|FGDB|GEOJSON|SHP|XLSX,5,2025-05-07T13:55:09.917968,https://data.zagreb.hr/dataset/zg3d-gradska-cetvrt-novi-zagreb-istok-2022
zg3d-gradska-cetvrt-novi-zagreb-zapad-2022,ZG3D Gradska četvrt Novi Zagreb zapad 2022,Otvorena dozvola (OD),CSV|FGDB|GEOJSON|SHP|XLSX,5,2025-05-07T13:54:14.730096,https://data.zagreb.hr/dataset/zg3d-gradska-cetvrt-novi-zagreb-zapad-2022
zg3d-gradska-cetvrt-pescenica-zitnjak-2022,ZG3D Gradska četvrt Peščenica Žitnjak 2022,Otvorena dozvola (OD),CSV|FGDB|GEOJSON|SHP|XLSX,5,2025-05-07T13:53:20.389592,https://data.zagreb.hr/dataset/zg3d-gradska-cetvrt-pescenica-zitnjak-2022
zg3d-gradska-cetvrt-podsljeme-2022,ZG3D Gradska četvrt Podsljeme 2022,Otvorena dozvola (OD),CSV|FGDB|GEOJSON|SHP|XLSX,5,2025-05-07T12:52:55.008496,https://data.zagreb.hr/dataset/zg3d-gradska-cetvrt-podsljeme-2022
zg3d-gradska-cetvrt-podsused-vrapce-2022,ZG3D Gradska četvrt Podsused Vrapče 2022,Otvorena dozvola (OD),CSV|FGDB|GEOJSON|SHP|XLSX,5,2025-05-07T13:54:54.835617,https://data.zagreb.hr/dataset/zg3d-gradska-cetvrt-podsused-vrapce-2022
zg3d-gradska-cetvrt-sesvete,ZG3D Gradska četvrt Sesvete 2022,Otvorena dozvola (OD),CSV|FGDB|GEOJSON|SHP|XLSX,5,2025-05-07T13:52:36.613259,https://data.zagreb.hr/dataset/zg3d-gradska-cetvrt-sesvete
zg3d-gradska-cetvrt-stenjevec-2022,ZG3D Gradska četvrt Stenjevec 2022,Otvorena dozvola (OD),CSV|FGDB|GEOJSON|SHP|XLSX,5,2025-05-07T12:51:00.260412,https://data.zagreb.hr/dataset/zg3d-gradska-cetvrt-stenjevec-2022
zg3d-gradska-cetvrt-tresnjevka-jug-2022,ZG3D Gradska četvrt Trešnjevka jug 2022,Otvorena dozvola (OD),CSV|FGDB|GEOJSON|SHP|XLSX,5,2025-05-07T12:46:08.577882,https://data.zagreb.hr/dataset/zg3d-gradska-cetvrt-tresnjevka-jug-2022
zg3d-gradska-cetvrt-tresnjevka-sjever-2022,ZG3D Gradska četvrt Trešnjevka sjever 2022,Otvorena dozvola (OD),CSV|FGDB|GEOJSON|SHP|XLSX,5,2025-05-07T13:54:36.418845,https://data.zagreb.hr/dataset/zg3d-gradska-cetvrt-tresnjevka-sjever-2022
zg3d-gradska-cetvrt-trnje-2022,ZG3D Gradska četvrt Trnje 2022,Otvorena dozvola (OD),CSV|FGDB|GEOJSON|SHP|XLSX,5,2025-05-07T13:52:53.673986,https://data.zagreb.hr/dataset/zg3d-gradska-cetvrt-trnje-2022
